,City,Lat,Lng,Max temp,Humidity,Cloudiness,Wind Speed,Date
0,bredasdorp,-34.5322,20.0403,80.6,54,0,10.36,1612608561
1,airai,-8.9266,125.4092,62.47,94,100,1.79,1612608558
2,sawtell,-30.3833,153.1,73.4,94,90,4.61,1612609027
3,ishigaki,24.3448,124.1572,68.0,77,20,3.44,1612609027
4,thompson,55.7435,-97.8558,-31.0,68,40,13.8,1612608571
5,belmonte,-15.8631,-38.8828,78.8,83,20,9.22,1612609027
6,diplo,24.4667,69.584,83.52,13,0,9.28,1612609027
7,samarai,-10.6167,150.6667,83.59,76,59,5.39,1612609027
8,yumen,40.2833,97.2,35.26,64,96,10.49,1612608604
9,port blair,11.6667,92.75,80.96,70,2,9.62,1612608582
10,bengkulu,-3.8004,102.2655,82.49,77,86,6.31,1612608563
11,billings,45.7833,-108.5007,3.99,85,90,10.36,1612608814
12,busselton,-33.65,115.3333,66.99,68,100,3.0,1612608552
13,maracacume,-2.0428,-45.9592,78.24,81,55,4.94,1612609029
14,lerwick,60.1545,-1.1494,35.6,64,40,26.46,1612609029
15,barrow,71.2906,-156.7887,-5.8,84,90,6.89,1612608582
16,rikitea,-23.1203,-134.9692,77.52,71,94,12.08,1612608553
17,hithadhoo,-0.6,73.0833,82.58,77,100,14.16,1612608305
18,puerto ayora,-0.7393,-90.3518,75.99,98,53,10.04,1612608555
19,baykit,61.67,96.37,2.08,90,100,3.38,1612608624
20,tuatapere,-46.1333,167.6833,52.83,89,3,2.39,1612608567
21,bluff,-46.6,168.3333,55.69,86,0,4.07,1612608556
22,georgetown,5.4112,100.3354,87.8,66,20,10.36,1612608300
23,chapada dos guimaraes,-15.4606,-55.7497,77.0,78,75,4.61,1612609030
24,mataura,-46.1927,168.8643,51.64,93,3,1.41,1612608559
25,upernavik,72.7868,-56.1549,14.86,80,100,5.28,1612608563
26,mezen,65.8522,44.24,-0.31,91,99,7.67,1612609031
27,new norfolk,-42.7826,147.0587,60.01,76,81,1.68,1612608568
28,ilulissat,69.2167,-51.1,15.8,32,100,19.57,1612608598
29,pevek,69.7008,170.3133,-8.37,86,100,2.19,1612608591
30,atuona,-9.8,-139.0333,79.11,81,17,22.82,1612608556
31,yerbogachen,61.2767,108.0108,-2.33,92,100,2.95,1612608626
32,adre,13.4667,22.2,81.1,14,49,21.12,1612609032
33,albany,42.6001,-73.9662,26.6,68,75,4.61,1612608564
34,margate,51.3813,1.3862,46.99,88,54,1.01,1612608593
35,klaksvik,62.2266,-6.589,32.0,100,40,20.71,1612608590
36,east london,-33.0153,27.9116,78.8,89,75,14.97,1612608555
37,chopovychi,50.8332,28.9533,24.08,91,86,8.72,1612609032
38,pacific grove,36.6177,-121.9166,48.2,71,1,8.05,1612608579
39,beira,-19.8436,34.8389,87.8,70,75,5.75,1612609032
40,kruisfontein,-34.0033,24.7314,83.7,49,0,13.58,1612608597
41,sanghar,26.0466,68.9481,84.2,26,0,4.61,1612609032
42,bandarbeyla,9.4942,50.8122,78.13,68,0,11.65,1612608587
43,arraial do cabo,-22.9661,-42.0278,71.6,94,75,5.75,1612608606
44,naze,28.3667,129.4833,64.4,88,75,4.61,1612608579
45,bar,49.0772,27.6826,24.01,58,99,3.27,1612609033
46,kodiak,57.79,-152.4072,32.0,55,1,9.22,1612608587
47,upington,-28.4478,21.2561,95.0,18,20,3.44,1612609033
48,khasan,42.4308,130.6434,24.46,97,100,4.52,1612609034
49,shieli,44.1667,66.75,46.35,59,100,14.43,1612609034
50,high rock,26.6208,-78.2833,73.4,88,75,6.91,1612609034
51,riyadh,24.6877,46.7219,69.8,49,75,9.22,1612608905
52,vardo,70.3705,31.1107,23.0,74,40,13.8,1612608559
53,avarua,-21.2078,-159.775,75.2,94,82,1.14,1612608563
54,ust-maya,60.4167,134.5333,-25.31,85,100,1.54,1612609034
55,hailey,43.5196,-114.3153,28.4,54,1,9.22,1612609034
56,jamestown,42.097,-79.2353,17.01,67,1,17.27,1612608555
57,luleburgaz,41.4039,27.3592,57.2,82,75,10.36,1612609034
58,ancud,-41.8697,-73.8203,57.0,85,0,2.44,1612608591
59,ushuaia,-54.8,-68.3,42.8,70,0,1.97,1612608554
60,tarbes,43.25,0.1667,50.0,93,90,6.91,1612609034
61,sao filipe,14.8961,-24.4956,70.36,70,9,14.36,1612608611
62,lakatoro,-16.0999,167.4164,80.35,74,18,2.93,1612609035
63,esperance,-33.8667,121.9,62.6,77,75,18.41,1612608286
64,ponta do sol,32.6667,-17.1,55.0,63,52,4.0,1612608578
65,caravelas,-17.7125,-39.2481,80.82,81,87,10.6,1612608586
66,porto walter,-8.2686,-72.7439,71.53,94,90,1.1,1612608622
67,tsaratanana,-16.7833,47.65,87.8,51,57,6.24,1612609036
68,grand gaube,-20.0064,57.6608,84.99,72,85,7.0,1612608590
69,tuktoyaktuk,69.4541,-133.0374,-17.88,84,100,11.16,1612608556
70,chuy,-33.6971,-53.4616,61.9,82,10,8.1,1612608603
71,nikolskoye,59.7035,30.7861,10.4,79,75,13.42,1612608554
72,saint-philippe,-21.3585,55.7679,86.0,62,90,11.5,1612608559
73,neiafu,-18.65,-173.9833,79.38,89,93,26.53,1612609037
74,salalah,17.0151,54.0924,78.8,50,20,12.66,1612608627
75,khatanga,71.9667,102.5,-36.24,77,6,4.52,1612608575
76,matay,28.419,30.7792,71.01,39,17,8.46,1612609037
77,vila franca do campo,37.7167,-25.4333,59.0,82,20,9.22,1612609037
78,hermanus,-34.4187,19.2345,79.0,60,0,3.0,1612608554
79,makokou,0.5738,12.8642,80.6,78,90,2.93,1612609037
80,kapaa,22.0752,-159.319,60.8,82,1,6.91,1612608561
81,namatanai,-3.6667,152.4333,79.59,80,99,3.49,1612608603
82,acapulco,16.8634,-99.8901,73.4,81,13,3.58,1612608588
83,novyy yarychiv,49.9044,24.3052,28.4,59,0,6.71,1612609038
84,mahebourg,-20.4081,57.7,86.0,66,40,11.5,1612608584
85,kozhanka,49.9793,29.7381,24.8,68,40,11.18,1612609038
86,pochutla,15.7432,-96.4661,73.99,90,81,3.87,1612608633
87,yangambi,0.8102,24.4336,92.73,35,22,4.65,1612609039
88,high level,58.5169,-117.136,-31.0,82,1,2.3,1612609039
89,akonolinga,3.7667,12.25,92.88,21,6,5.37,1612609039
90,leningradskiy,69.3833,178.4167,-14.26,85,82,7.11,1612608614
91,saint-augustin,51.226,-58.6502,32.74,96,100,7.47,1612609039
92,tigil,57.8,158.6667,10.33,91,100,6.64,1612608601
93,norrtalje,59.758,18.705,23.0,79,75,9.22,1612609039
94,bubaque,11.2833,-15.8333,73.99,53,75,19.37,1612608554
95,phalaborwa,-23.943,31.1411,75.2,94,97,5.75,1612609040
96,tasiilaq,65.6145,-37.6368,26.6,63,75,3.44,1612608586
97,torbay,47.6666,-52.7314,33.01,86,75,16.11,1612608601
98,iskateley,67.6803,53.1512,-15.43,87,58,12.66,1612609040
99,pulandian,39.3953,121.9669,39.2,56,0,6.71,1612609040
100,mareeba,-17.0,145.4333,82.4,78,90,4.61,1612608602
101,pisco,-13.7,-76.2167,66.99,88,98,4.47,1612608569
102,ojinaga,29.5667,-104.4167,50.0,32,1,3.44,1612609040
103,boyolangu,-8.1181,111.8935,78.66,83,93,0.96,1612609040
104,katsuura,35.1333,140.3,51.8,71,0,2.3,1612609040
105,lebu,-37.6167,-73.65,58.5,93,96,7.58,1612608571
106,qaanaaq,77.484,-69.3632,5.31,85,100,6.73,1612608570
107,yar-sale,66.8333,70.8333,-27.83,85,100,14.76,1612608601
108,kavieng,-2.5744,150.7967,81.82,67,100,2.26,1612608599
109,missoula,47.0166,-113.8009,33.01,86,75,2.75,1612609041
110,dudinka,69.4058,86.1778,-29.69,82,28,9.13,1612609041
111,kisoro,-1.2854,29.685,73.83,45,98,4.65,1612609041
112,asau,46.4333,26.4,32.0,75,100,1.28,1612609041
113,aurora,39.7294,-104.8319,34.0,55,40,21.85,1612608811
114,mar del plata,-38.0023,-57.5575,73.4,53,0,10.36,1612608554
115,san rafael,-34.6177,-68.3301,73.4,48,0,6.24,1612609041
116,yellowknife,62.456,-114.3525,-40.0,66,1,6.91,1612608554
117,rocha,-34.4833,-54.3333,64.87,67,0,4.18,1612609042
118,deputatskiy,69.3,139.9,-26.99,88,100,2.71,1612608576
119,katsina,12.9894,7.6006,82.06,15,42,17.58,1612609042
120,zhigalovo,54.8097,105.1578,8.49,92,100,3.09,1612609042
121,isangel,-19.55,169.2667,79.14,78,9,4.74,1612608568
122,castro,-24.7911,-50.0119,60.53,79,0,2.89,1612608578
123,severo-kurilsk,50.6789,156.125,18.14,94,100,18.23,1612608595
124,longkou,37.6508,120.3286,37.54,79,0,11.97,1612609043
125,fortuna,40.5982,-124.1573,46.99,93,90,4.38,1612608573
126,gamba,-2.65,10.0,84.52,73,92,5.84,1612608627
127,broken hill,-31.95,141.4333,73.4,46,0,18.41,1612609043
128,tuy hoa,13.0833,109.3,71.94,85,55,8.32,1612608759
129,atar,20.5169,-13.0499,64.8,39,48,15.52,1612608623
130,goshen,41.5823,-85.8344,7.0,72,75,12.66,1612609043
131,hilo,19.7297,-155.09,64.4,77,1,6.91,1612608314
132,saint-louis,16.3333,-15.0,66.2,68,0,4.61,1612609044
133,vaini,-21.2,-175.2,78.8,100,75,22.64,1612608554
134,tiksi,71.6872,128.8694,-21.95,88,100,5.7,1612608565
135,korla,41.7597,86.1469,35.2,70,88,4.92,1612608583
136,evensk,61.95,159.2333,2.93,87,62,14.74,1612609044
137,mogadishu,2.0371,45.3438,84.2,58,20,19.57,1612608622
138,butaritari,3.0707,172.7902,80.4,83,100,18.39,1612608568
139,mugur-aksy,50.35,90.5,9.34,89,30,3.0,1612609045
140,narsaq,60.9167,-46.05,15.8,62,0,5.75,1612608592
141,port elizabeth,-33.918,25.5701,82.4,65,20,13.8,1612608365
142,talnakh,69.4865,88.3972,-28.25,79,33,4.99,1612608422
143,rantepao,-2.9701,119.8978,71.56,89,100,0.34,1612609045
144,miri,4.4148,114.0089,80.6,89,40,6.91,1612609046
145,port lincoln,-34.7333,135.8667,62.53,80,87,12.35,1612609046
146,mount isa,-20.7333,139.5,75.2,100,90,4.61,1612608568
147,tucumcari,35.1717,-103.725,33.8,40,1,11.5,1612609046
148,taoudenni,22.6783,-3.9836,74.14,25,100,12.5,1612609046
149,chokurdakh,70.6333,147.9167,-13.86,87,60,8.7,1612608554
150,alyangula,-13.8483,136.4192,78.8,100,90,12.66,1612608618
151,dillon,34.4166,-79.3712,42.8,75,40,5.84,1612609046
152,santa cruz,-17.8,-63.1667,73.4,73,20,6.91,1612609046
153,mollendo,-17.0231,-72.0147,69.06,80,27,4.9,1612609046
154,asbestos,45.7668,-71.9324,24.8,93,90,4.61,1612609047
155,puksoozero,62.5903,40.6066,-1.39,91,100,11.01,1612609047
156,port augusta,-32.5,137.7667,68.0,73,48,18.41,1612609047
157,vao,-22.6667,167.4833,78.01,86,0,7.81,1612608559
158,belyy yar,53.6039,91.3903,21.2,68,94,2.24,1612609047
159,arkhara,49.4212,130.0842,-12.66,90,82,4.81,1612609047
160,carnarvon,-24.8667,113.6333,84.2,100,75,14.97,1612608571
161,padang,-0.9492,100.3543,87.8,58,20,3.44,1612608595
162,brasilia,-15.7797,-47.9297,70.0,94,75,3.44,1612609047
163,henties bay,-22.116,14.2845,66.99,87,43,5.01,1612609048
164,kedrovyy,56.1667,91.8167,14.0,79,97,6.71,1612609048
165,punta arenas,-53.15,-70.9167,42.8,70,90,5.75,1612608574
166,austin,30.2672,-97.7431,48.99,81,90,3.44,1612609009
167,codrington,-38.2667,141.9667,61.3,81,81,17.63,1612608570
168,port macquarie,-31.4333,152.9167,72.0,99,100,2.75,1612608611
169,aklavik,68.2191,-135.0107,-20.2,76,100,4.61,1612608568
170,bereda,43.2686,-7.5406,46.0,100,100,14.0,1612609048
171,hobart,-42.8794,147.3294,60.01,88,75,5.75,1612608451
172,tilichiki,60.4667,166.1,6.98,96,100,10.6,1612609048
173,lagoa,39.05,-27.9833,58.95,86,100,17.49,1612608578
174,ponnani,10.767,75.9252,87.8,48,40,3.44,1612609049
175,thinadhoo,0.5333,72.9333,82.09,75,26,14.79,1612609049
176,cherskiy,68.75,161.3,-8.32,84,94,9.46,1612608606
177,benito juarez,19.385,-99.165,57.2,54,1,3.94,1612609049
178,cape town,-33.9258,18.4232,82.0,57,0,19.57,1612608313
179,kaitangata,-46.2817,169.8464,52.56,95,1,1.61,1612608575
180,aberdeen,57.1437,-2.0981,35.01,93,90,14.97,1612609049
181,kjollefjord,70.9457,27.3465,25.77,94,100,15.95,1612609049
182,ayan,56.45,138.1667,-6.3,85,100,15.68,1612609049
183,novichikha,52.204,81.3877,26.65,97,32,11.14,1612609049
184,mudu,31.252,120.5118,51.01,91,0,2.42,1612609049
185,faanui,-16.4833,-151.75,81.59,70,38,10.31,1612608579
186,camargo,27.6667,-105.1667,55.22,36,0,8.43,1612609050
187,oromocto,45.8351,-66.4792,32.0,93,90,3.44,1612609050
188,tisovec,48.6774,19.9436,32.0,93,90,3.44,1612609050
189,launceston,-41.45,147.1667,61.0,77,75,13.8,1612608791
190,matagami,49.7502,-77.6328,17.6,73,90,10.36,1612609050
191,kahului,20.8947,-156.47,60.8,82,20,3.44,1612609050
192,vila velha,-20.3297,-40.2925,77.0,83,0,9.22,1612608630
193,rioja,-29.4111,-66.8507,73.0,53,0,3.13,1612608756
194,iqaluit,63.7506,-68.5145,14.0,85,1,9.22,1612608589
195,singaraja,-8.112,115.0882,80.65,79,68,8.88,1612608789
196,wuda,39.4994,106.7117,33.64,73,0,10.25,1612609051
197,eureka,40.8021,-124.1637,46.99,92,7,4.72,1612609051
198,dhule,20.9,74.7833,83.75,19,0,4.74,1612609051
199,jiuquan,39.7432,98.5174,32.23,69,2,4.36,1612609041
200,ponta delgada,37.7333,-25.6667,59.0,82,20,9.22,1612609051
201,ranot,7.7777,100.3213,80.11,77,52,11.52,1612609051
202,danielskuil,-28.1887,23.5395,83.46,34,7,2.42,1612609051
203,vostok,46.4856,135.8833,-6.12,92,100,2.1,1612609052
204,lata,40.1629,-8.3327,52.0,97,97,1.01,1612609052
205,gazanjyk,39.2446,55.5154,53.92,66,99,15.52,1612608611
206,voi,-3.3945,38.563,89.91,39,5,9.37,1612609052
207,provideniya,64.3833,-173.3,6.37,92,83,3.98,1612609053
208,dennery,13.8996,-60.8879,76.87,72,11,18.88,1612609053
209,hasaki,35.7333,140.8333,44.6,81,0,2.3,1612608577
210,tomatlan,19.9333,-105.25,70.16,82,82,3.09,1612608629
211,port alfred,-33.5906,26.891,75.99,86,81,5.01,1612608565
212,yarmouth,41.7057,-70.2286,35.6,64,1,8.05,1612609053
213,zhangye,38.9342,100.4517,32.2,71,0,3.51,1612608993
214,holoby,51.0865,25.0077,28.99,75,64,4.0,1612609053
215,saint george,37.1041,-113.5841,41.0,48,1,6.91,1612608559
216,clyde river,70.4692,-68.5914,-9.4,77,90,4.0,1612608554
217,kidal,18.4411,1.4078,83.3,13,87,21.3,1612609054
218,carutapera,-1.195,-46.02,82.65,70,86,10.51,1612608573
219,nemuro,43.3236,145.575,30.2,93,75,5.75,1612608569
220,pundaguitan,6.3711,126.1689,82.72,75,100,18.48,1612609054
221,zelenogradsk,54.9589,20.4767,14.0,85,40,4.47,1612609054
222,gbadolite,4.2833,21.0167,98.6,19,48,7.94,1612609055
223,lavrentiya,65.5833,-171.0,2.08,92,100,5.32,1612608577
224,lompoc,34.6391,-120.4579,48.2,93,1,3.44,1612608575
225,vestmannaeyjar,63.4427,-20.2734,35.6,93,75,32.21,1612609055
226,bambous virieux,-20.3428,57.7575,86.0,66,40,11.5,1612608556
227,maldonado,-34.6667,-54.9167,70.0,88,0,7.72,1612608580
228,lodja,-3.4833,23.4333,87.6,51,96,1.72,1612609055
229,karwar,14.8,74.1333,83.25,49,70,7.63,1612609055
230,mukhen,48.1,136.1,-6.54,90,100,2.44,1612609055
231,teguldet,57.3064,88.1667,23.38,98,100,6.78,1612609055
232,egvekinot,66.3167,-179.1667,-5.08,85,100,9.53,1612608611
233,ashqelon,31.6693,34.5715,71.01,50,7,9.64,1612609055
234,san quintin,30.4833,-115.95,54.27,87,15,4.59,1612608626
235,san andres,12.5847,-81.7006,80.6,83,75,9.22,1612609056
236,dezhou,37.4486,116.2925,52.02,39,60,5.41,1612608973
237,burnie,-41.0667,145.9167,61.0,85,65,5.01,1612609056
238,urengoy,65.9667,78.3667,-9.74,90,100,12.97,1612609056
239,yulara,-25.2406,130.9889,89.6,22,69,10.36,1612608563
240,kinna,57.5073,12.6946,23.0,85,0,9.22,1612609056
241,pindiga,9.9833,10.9333,82.4,17,21,24.16,1612609056
242,cappelle-la-grande,50.9998,2.3585,48.0,97,100,1.01,1612609056
243,vanderhoof,54.0166,-124.0198,6.33,93,100,6.17,1612609056
244,mehamn,71.0357,27.8492,25.79,93,100,17.2,1612609057
245,hanting,36.7708,119.2108,44.62,55,11,7.74,1612609057
246,tlalnepantla,19.5269,-99.2217,57.2,54,1,4.54,1612609057
247,dubreka,9.7911,-13.5233,82.4,65,74,9.22,1612609057
248,solnechnyy,50.7214,136.6319,-7.78,88,95,2.93,1612608628
249,tsiroanomandidy,-18.7667,46.0333,81.28,66,100,5.41,1612609057
250,cidreira,-30.1811,-50.2056,67.62,75,94,10.56,1612608585
251,quatre cocos,-20.2078,57.7625,86.0,66,40,11.5,1612608603
252,ribeira grande,38.5167,-28.7,59.0,94,75,16.11,1612608574
253,cabo san lucas,22.8909,-109.9124,57.0,55,50,1.01,1612608604
254,svetlogorsk,52.6333,29.7333,11.03,91,70,8.52,1612608631
255,chililabombwe,-12.3648,27.8229,79.43,70,67,3.22,1612609057
256,geraldton,-28.7667,114.6,80.6,65,75,14.97,1612608314
257,lima,-12.0432,-77.0282,71.01,88,75,8.05,1612608611
258,victoria,22.2855,114.1577,71.01,69,0,5.26,1612608421
259,nalut,30.3333,10.85,75.42,18,99,15.39,1612608594
260,elizabeth city,36.2946,-76.2511,41.0,75,1,4.61,1612609058
261,portland,45.5234,-122.6762,41.0,87,20,2.57,1612608601
262,ust-kuyga,70.0167,135.6,-29.25,82,100,4.47,1612609058
263,hobyo,5.3505,48.5268,82.33,56,31,15.99,1612608606
264,lazaro cardenas,17.9583,-102.2,72.01,81,35,5.14,1612609058
265,adrar,20.5022,-10.0711,62.6,38,93,17.29,1612609058
266,estelle,29.8458,-90.1067,54.0,100,90,9.22,1612609059
267,hofn,64.2539,-15.2082,37.2,79,100,21.63,1612608567
268,flinders,-34.5833,150.8552,73.99,87,17,1.01,1612609059
269,fairbanks,64.8378,-147.7164,-11.2,70,90,1.97,1612608634
270,ambulu,-8.345,113.6058,79.2,83,95,2.84,1612609059
271,charters towers,-20.1,146.2667,77.72,76,85,13.78,1612609059
272,la libertad,-2.2333,-80.9,75.99,80,72,5.23,1612608607
273,yanam,16.7333,82.2167,89.6,35,99,11.5,1612608851
274,nampa,43.5407,-116.5635,30.0,100,1,2.44,1612609060
275,sur,22.5667,59.5289,75.99,35,0,12.57,1612609060
276,olafsvik,64.8945,-23.7142,35.87,79,100,17.13,1612609060
277,iranshahr,27.2025,60.6848,81.95,13,0,5.32,1612609060
278,westport,41.1415,-73.3579,33.8,51,1,4.61,1612609060
279,abadan,30.3392,48.3043,69.8,78,90,9.22,1612609060
280,shingu,33.7333,135.9833,53.6,62,40,8.05,1612609060
281,kawalu,-7.3817,108.2082,76.5,87,100,0.67,1612608596
282,grand-santi,4.25,-54.3833,73.31,96,95,1.68,1612609060
283,sola,-13.8833,167.55,82.36,73,69,4.09,1612608608
284,metro,-5.1131,105.3067,80.78,82,81,7.47,1612609061
285,phichit,16.25,100.4167,93.0,31,3,4.61,1612609061
286,eyl,7.9803,49.8164,83.46,50,0,14.41,1612608566
287,dingle,10.9995,122.6711,76.87,85,70,8.93,1612608583
288,saskylakh,71.9167,114.0833,-36.72,82,76,2.48,1612608567
289,araceli,10.5529,119.9913,80.44,83,88,19.62,1612609061
290,hami,42.8,93.45,31.66,82,11,0.09,1612608607
291,cap malheureux,-19.9842,57.6142,84.99,72,86,7.0,1612609061
292,sandakan,5.8402,118.1179,80.6,89,40,3.44,1612609061
293,roma,43.2128,-75.4557,26.6,54,90,4.61,1612608576
294,teahupoo,-17.8333,-149.2667,77.0,78,5,1.14,1612609062
295,hervey bay,-25.2986,152.8535,79.0,70,94,1.01,1612608598
296,hamilton,39.1834,-84.5333,26.01,58,90,10.36,1612609062
297,severodvinsk,64.5635,39.8302,8.6,78,75,11.18,1612609062
298,mandalgovi,45.7625,106.2708,6.01,86,4,2.91,1612609062
299,bilibino,68.0546,166.4372,-8.05,80,61,2.04,1612608603
300,butterworth,5.3991,100.3638,87.8,66,20,10.36,1612608456
301,boden,65.8252,21.6886,23.0,86,0,8.05,1612609062
302,nacala,-14.5428,40.6728,89.6,62,75,11.5,1612609062
303,dong hoi,17.4833,106.6,68.88,88,100,4.9,1612609063
304,sao joao da barra,-21.6403,-41.0511,75.2,94,75,9.22,1612609063
305,maposeni,-10.5833,35.4,82.4,61,40,5.75,1612609063
306,segezha,63.7415,34.3222,7.12,94,100,8.68,1612609063
307,real,14.6625,121.6047,82.4,69,75,8.05,1612609063
308,port hedland,-20.3167,118.5667,84.2,65,40,14.97,1612609063
309,bathsheba,13.2167,-59.5167,77.0,61,75,20.71,1612608620
310,saint-francois,46.4154,3.9054,42.8,100,75,3.8,1612608629
311,banda aceh,5.5577,95.3222,81.9,78,69,12.55,1612609064
312,bo phloi,14.3236,99.5161,90.0,28,0,6.04,1612609064
313,broome,42.2506,-75.833,24.8,58,90,11.5,1612608556
314,hay river,60.8156,-115.7999,-34.6,67,100,5.75,1612608630
315,nelson bay,-32.7167,152.15,71.01,100,40,1.14,1612608989
316,port hardy,50.6996,-127.4199,41.0,100,90,3.44,1612609064
317,vanino,49.0869,140.2543,-7.44,89,45,2.62,1612609064
318,gumdag,39.2061,54.5906,55.22,63,84,11.45,1612609064
319,kibaya,-5.3,36.5667,78.08,64,5,3.24,1612609064
320,san isidro,-12.1167,-77.05,71.01,88,75,8.05,1612609064
321,keti bandar,24.1447,67.4497,77.77,23,0,8.34,1612609064
322,rozivka,46.9385,35.7724,31.14,79,100,4.81,1612609065
323,mount gambier,-37.8333,140.7667,59.0,94,40,11.5,1612608574
324,karera,25.4667,78.15,75.54,20,0,10.29,1612609066
325,pangnirtung,66.1451,-65.7125,22.19,81,87,3.53,1612608598
326,lasa,46.6166,10.7002,43.0,93,75,5.75,1612609066
327,chernyshevskiy,63.0128,112.4714,-29.79,87,95,0.92,1612609066
328,saldanha,-33.0117,17.9442,78.8,50,0,21.85,1612608599
329,grants,35.1473,-107.8514,21.2,68,1,10.36,1612609066
330,vila do maio,15.1333,-23.2167,68.0,77,75,23.02,1612609067
331,big rapids,43.6981,-85.4837,10.99,85,90,11.5,1612609067
332,usta muhammad,28.1794,68.0445,82.47,14,0,7.05,1612609067
333,barwadih,23.8333,84.1167,71.24,41,62,2.98,1612609067
334,santarem,-2.4431,-54.7083,77.0,94,40,3.44,1612609067
335,sao joao da ponte,-15.9292,-44.0078,71.13,91,100,7.63,1612609068
336,mikhaylovka,50.06,43.2379,21.99,77,99,11.01,1612609068
337,muncar,-8.4333,114.3333,79.54,82,93,3.09,1612609068
338,dikson,73.5069,80.5464,-30.44,84,55,11.99,1612608570
339,dedza,-14.3779,34.3332,71.67,89,75,3.83,1612609068
340,avera,33.194,-82.5271,44.6,87,90,6.15,1612609068
341,kozulka,50.0351,23.797,28.4,59,0,6.71,1612609068
342,rognan,67.0953,15.3878,24.01,92,97,2.28,1612609068
343,parma,44.8027,10.329,50.0,100,90,2.3,1612609069
344,arcata,40.8665,-124.0828,46.99,93,90,4.45,1612609069
345,basco,20.4487,121.9702,73.27,85,71,20.69,1612609069
346,abu kamal,34.4506,40.9171,63.19,45,0,13.35,1612609069
347,kavaratti,10.5669,72.642,81.34,72,38,11.74,1612608601
348,axim,4.8699,-2.2405,85.41,70,11,7.31,1612609070
349,laplace,30.0666,-90.4801,51.01,91,90,8.05,1612609070
350,praia,14.9215,-23.5087,68.0,77,75,23.02,1612609070
351,penzance,50.1186,-5.5371,46.0,87,20,5.75,1612609070
352,auriflama,-20.6856,-50.5547,70.63,77,0,5.39,1612609070
353,sorland,67.667,12.6934,35.6,64,75,25.32,1612609070
354,esperantinopolis,-4.8667,-44.7083,75.74,87,99,4.25,1612609070
355,bara,10.3744,10.7288,82.4,17,25,24.16,1612608633
356,jacmel,18.2342,-72.5347,73.4,88,55,8.05,1612609070
357,dhidhdhoo,6.8833,73.1,82.87,69,77,9.17,1612609070
358,aswan,24.0934,32.907,76.01,24,0,11.39,1612609070
359,uyskoye,54.3775,60.0047,33.82,97,100,10.67,1612608601
360,bam,29.106,58.357,77.5,14,0,4.7,1612609071
361,praia da vitoria,38.7333,-27.0667,60.01,88,20,9.95,1612609071
362,shenzhen,22.5455,114.0683,73.0,73,0,5.19,1612609024
363,sarlat-la-caneda,44.889,1.2166,48.99,96,100,1.01,1612609071
364,souillac,-20.5167,57.5167,86.0,66,40,11.5,1612608588
365,troitsko-pechorsk,62.7084,56.1964,-3.91,92,100,12.59,1612609071
366,indian head,38.6001,-77.1622,36.0,80,20,5.32,1612609071
367,curup,-3.4667,102.5333,72.77,91,99,1.88,1612609071
368,murgab,37.4966,61.9714,60.8,31,90,18.41,1612609071
369,itarema,-2.9248,-39.9167,82.67,67,83,13.53,1612608579
370,san cristobal,7.7669,-72.225,66.22,89,100,1.99,1612608628
371,dandong,40.1292,124.3947,29.64,93,4,8.21,1612609060
372,rosa zarate,0.3333,-79.4667,73.35,95,96,1.16,1612609072
373,suntar,62.1444,117.6319,-23.21,86,91,2.75,1612609072
374,lorengau,-2.0226,147.2712,82.33,74,66,3.87,1612608571
375,macau,22.2006,113.5461,73.4,77,0,6.91,1612609072
376,lancaster,40.2504,-76.2499,33.8,47,20,4.61,1612609072
377,baghdad,33.3406,44.4009,59.0,94,90,9.22,1612609072
378,trairi,-3.2778,-39.2689,82.65,67,90,10.98,1612609072
379,norman wells,65.282,-126.8329,-41.8,66,40,2.3,1612608600
380,poum,-20.2333,164.0167,80.46,69,4,4.97,1612608570
381,nokaneng,-19.6667,22.2667,82.33,64,100,7.72,1612609072
382,stornoway,58.2093,-6.3865,39.2,75,75,18.41,1612609073
383,phonhong,18.5007,102.4166,82.4,44,8,2.3,1612609073
384,mao,39.8885,4.2658,60.8,88,75,10.36,1612608590
385,hobbs,32.7026,-103.136,46.99,27,1,21.85,1612608812
386,mayo,38.8876,-76.5119,37.4,69,1,10.02,1612609073
387,paamiut,61.994,-49.6678,20.79,80,9,6.91,1612608628
388,tessalit,20.1986,1.0114,86.09,12,65,20.83,1612608555
389,goderich,43.7501,-81.7165,17.6,62,100,24.16,1612608601
390,mantua,45.1667,10.7833,50.0,93,100,1.01,1612609073
391,ambilobe,-13.2,49.05,84.36,75,97,7.18,1612609074
392,ocampo,21.65,-101.5,50.56,43,0,11.99,1612609074
393,kachug,53.9606,105.8817,5.97,92,99,2.57,1612609074
394,garowe,8.4054,48.4845,87.67,23,5,6.64,1612609074
395,sohag,26.557,31.6948,68.0,49,0,6.91,1612609074
396,ladario,-19.0047,-57.6017,70.5,74,58,2.75,1612609074
397,machali,-34.1833,-70.6667,63.23,71,0,0.78,1612609074
398,andenes,69.3143,16.1194,30.2,86,75,28.77,1612609074
399,hwange,-18.3693,26.5019,85.37,61,74,7.67,1612609075
400,aktau,43.65,51.2,39.2,56,75,17.9,1612608594
401,saint anthony,45.0205,-93.218,1.4,65,1,13.8,1612609075
402,kigoma,-4.8769,29.6267,78.8,78,75,10.36,1612609075
403,fort nelson,58.8053,-122.7002,-29.2,68,40,2.3,1612608570
404,sibolga,1.7427,98.7792,83.1,74,63,1.81,1612609075
405,alofi,-19.0595,-169.9187,78.8,89,100,8.05,1612608627
406,rundu,-17.9333,19.7667,85.46,52,96,5.14,1612609075
407,aleksandrovskiy zavod,50.9237,117.9374,-7.58,86,16,4.61,1612609076
408,walvis bay,-22.9575,14.5053,69.8,73,75,8.05,1612609076
409,noumea,-22.2763,166.4572,79.0,73,90,8.05,1612608561
410,mindelo,16.8901,-24.9804,69.8,64,40,25.32,1612609076
411,bacolod,10.6667,122.95,79.05,78,53,9.93,1612609076
412,gambela,8.25,34.5833,101.32,10,1,6.98,1612609076
413,kropotkin,45.4375,40.5756,31.5,98,100,4.25,1612609076
414,ormara,25.2088,64.6357,70.32,43,0,4.99,1612609076
415,chifeng,42.2683,118.9636,17.55,95,100,4.65,1612608380
416,severo-yeniseyskiy,60.3725,93.0408,12.47,96,100,9.44,1612609076
417,central point,42.376,-122.9164,35.01,80,75,1.36,1612609076
418,skelmersdale,53.5502,-2.7735,42.01,94,100,3.0,1612609076
419,cabra,37.4725,-4.4421,51.01,80,62,14.16,1612609077
420,salinas,36.6777,-121.6555,48.2,87,1,4.61,1612608630
421,chinhoyi,-17.3667,30.2,81.07,60,88,6.85,1612609077
422,tignere,7.3667,12.65,87.46,13,0,10.8,1612609077
423,faya,18.3851,42.4509,60.8,63,75,13.8,1612608619
424,udachnyy,66.4167,112.4,-35.63,80,0,2.89,1612608614
425,mananara,-16.1667,49.7667,86.41,60,89,6.55,1612609077
426,havre-saint-pierre,50.2334,-63.5986,32.0,93,90,13.8,1612608570
427,bikaner,28.0167,73.3,75.31,18,0,5.39,1612609077
428,belen,36.4891,36.2233,59.0,55,0,3.44,1612609077
429,krasnyy kholm,58.0607,37.1203,0.37,90,98,12.24,1612609077
430,simcoe,42.8334,-80.2997,19.0,67,18,8.05,1612609078
431,longyearbyen,78.2186,15.6401,24.8,68,75,4.61,1612608580
432,serik,36.9169,31.0989,68.0,37,0,3.44,1612609078
433,buraydah,26.326,43.975,53.6,100,75,23.02,1612609078
434,zyryanka,65.75,150.85,-23.15,83,57,7.2,1612608584
435,indi,17.1667,75.9667,89.67,14,46,6.91,1612609078
436,yudong,29.385,106.5194,57.2,67,90,8.95,1612609079
437,nanga eboko,4.6833,12.3667,91.98,15,43,5.26,1612609079
438,sotouboua,8.5667,0.9833,94.8,25,78,5.91,1612609079
439,pajapan,18.25,-94.7,69.87,89,42,8.61,1612609079
440,quang ngai,15.1167,108.8,70.57,89,92,3.06,1612609048
441,opuwo,-18.0607,13.84,92.59,25,100,10.6,1612609079
442,tabas,33.5959,56.9244,70.95,18,53,2.51,1612609079
443,lynchburg,37.4138,-79.1423,35.6,51,1,5.75,1612609079
444,biak,-0.9131,122.8766,78.89,80,100,2.44,1612608569
445,ouidah,6.3631,2.0851,87.8,74,40,8.05,1612609079
446,alice springs,-23.7,133.8833,82.4,28,53,10.36,1612608611
447,puerto salgar,5.463,-74.6544,74.03,85,100,0.54,1612609080
448,san antonio,29.4241,-98.4936,51.01,87,90,4.61,1612609003
449,liseleje,56.0053,11.9483,27.0,74,0,4.0,1612609080
450,laguna,38.421,-121.4238,41.0,87,1,3.4,1612609080
451,san patricio,28.017,-97.5169,60.8,94,90,6.91,1612608555
452,akdepe,42.0551,59.3788,55.4,58,0,16.11,1612609080
453,tarakan,3.3,117.6333,82.4,78,20,3.44,1612609080
454,khandyga,62.6667,135.6,-28.57,85,100,2.28,1612609080
455,telimele,10.9167,-13.3333,88.92,14,21,6.82,1612609080
456,zaragoza,41.6561,-0.8773,61.0,82,20,6.91,1612609080
457,vanimo,-2.6741,141.3028,78.62,79,85,2.13,1612609080
458,trapani,37.8333,12.6667,69.01,45,0,19.57,1612609081
459,corinto,37.9407,22.9573,66.0,48,0,1.99,1612609081
460,zykovo,55.9519,93.1461,14.0,79,99,6.71,1612608627
461,batangafo,7.3008,18.2833,97.63,11,0,6.44,1612609081
462,doha,25.2867,51.5333,79.0,44,0,17.27,1612608416
463,bethel,41.3712,-73.414,27.0,68,1,3.44,1612608575
464,zonguldak,41.25,31.8333,61.83,38,18,7.16,1612609081
465,bull savanna,17.8868,-77.5902,73.6,88,87,12.19,1612609082
466,sampit,-2.5333,112.95,78.75,90,100,2.26,1612609082
467,bharatpur,27.2167,77.4833,71.85,30,0,9.73,1612608795
468,raudeberg,61.9875,5.1352,28.4,50,38,11.5,1612609082
469,tromso,69.6496,18.957,28.4,74,75,8.05,1612609082
470,derzhavinsk,51.1,66.3167,34.2,97,100,17.58,1612608634
471,catamarca,-28.4696,-65.7852,73.99,74,4,4.0,1612609082
472,dakar,14.6937,-17.4441,66.2,77,20,21.85,1612608587
473,kysyl-syr,63.8986,122.7617,-38.97,80,22,2.51,1612608590
474,langxiang,46.95,128.8833,-4.16,90,85,3.58,1612609082
475,dera bugti,29.0307,69.151,72.14,19,0,10.6,1612609083
476,arecibo,18.4724,-66.7157,73.0,84,36,1.01,1612609083
477,mana,5.6592,-53.7767,77.54,87,91,11.3,1612608605
478,svetlaya,46.5389,138.3297,10.54,88,45,6.51,1612609083
479,juneau,58.3019,-134.4197,27.0,80,90,6.91,1612609083
480,snezhnogorsk,69.1933,33.2531,21.2,100,75,4.47,1612609083
481,itoman,26.1247,127.6694,69.8,68,20,8.05,1612609083
482,isabela,6.7085,121.9711,82.4,83,75,2.3,1612609083
483,irbeyskoye,55.6428,95.4522,17.13,94,100,2.68,1612609083
484,rock sound,24.9,-76.2,75.69,82,39,16.02,1612609083
485,plaridel,14.8872,120.8572,82.4,69,75,8.05,1612609083
486,catabola,-12.15,17.2833,75.81,64,90,3.42,1612609084
487,inuvik,68.3499,-133.7218,-20.2,76,100,4.61,1612609084
488,oranjemund,-28.55,16.4333,71.46,63,2,16.64,1612609084
489,ahipara,-35.1667,173.1667,61.93,88,100,3.4,1612608624
490,kirakira,-10.4544,161.9205,80.31,82,100,6.78,1612609084
491,ugoofaaru,5.6667,73.0,81.97,74,65,11.07,1612608304
492,viedma,-40.8135,-62.9967,64.99,74,0,14.5,1612609084
493,saint-joseph,-21.3667,55.6167,86.0,62,90,11.5,1612608587
494,perth,-31.9333,115.8333,62.6,82,99,8.05,1612609050
495,tutoia,-2.7619,-42.2744,82.11,72,35,15.57,1612609085
496,kaeo,-35.1,173.7833,62.31,79,99,5.91,1612609085
497,novorzhev,57.0294,29.3338,9.55,92,98,7.76,1612609085
498,ciudad bolivar,8.1222,-63.5497,73.78,81,100,10.6,1612609085
499,kudirkos naumiestis,54.7731,22.8631,13.6,94,9,4.99,1612609085
500,corrales,35.2378,-106.6067,37.0,40,1,11.18,1612609085
501,ust-kan,50.9276,84.761,24.12,93,7,3.65,1612609085
502,nome,64.5011,-165.4064,19.4,93,90,13.8,1612608561
503,oistins,13.0667,-59.5333,77.0,61,75,20.71,1612609085
504,maneadero,31.7167,-116.5667,52.99,69,3,2.68,1612609085
505,irbit,57.6705,63.071,35.98,98,100,12.03,1612609085
506,cozumel,20.5083,-86.9458,77.0,88,40,14.97,1612608793
507,loei,17.4167,101.5,87.8,35,0,2.3,1612609086
508,ketchikan,55.3422,-131.6461,35.6,100,75,5.75,1612609086
509,puchezh,56.9788,43.1676,0.52,92,100,14.38,1612609086
510,jeremie,18.65,-74.1167,75.69,78,64,3.76,1612609086
511,hohhot,40.8106,111.6522,33.8,40,20,13.42,1612609086
512,medeiros neto,-17.3739,-40.2206,81.0,70,100,12.37,1612609086
513,pangody,65.85,74.4859,-14.3,88,100,14.76,1612609086
514,kununurra,-15.7667,128.7333,84.2,79,66,3.44,1612608523
515,barra dos coqueiros,-10.9089,-37.0386,82.4,69,40,8.05,1612609086
516,verkhoyansk,67.5447,133.385,-26.72,83,100,2.73,1612609087
517,nishihara,26.1842,127.7558,69.8,60,20,5.75,1612609087
518,diego de almagro,-26.3667,-70.05,57.51,56,0,0.51,1612608561
519,lulea,65.5842,22.1547,23.0,86,0,8.05,1612609087
520,tual,-5.6667,132.75,83.23,78,99,21.99,1612609087
521,teguise,29.0605,-13.564,64.4,59,40,16.11,1612608571
522,custodia,-8.0875,-37.6431,77.04,55,55,9.46,1612609087
523,minsk,53.9,27.5667,6.8,78,75,13.42,1612608955
524,borba,-4.3878,-59.5939,75.22,95,88,1.28,1612609087
525,road town,18.4167,-64.6167,77.0,80,40,14.0,1612608616
526,tianpeng,30.9866,103.9393,62.01,1,49,4.34,1612609088
527,atambua,-9.1061,124.8925,74.93,88,100,1.66,1612609088
528,bafra,41.5678,35.9069,55.99,67,59,1.01,1612609088
529,catuday,16.2923,119.8062,78.03,82,5,9.53,1612609088
530,nefteyugansk,61.0998,72.6035,28.4,100,90,8.95,1612609089
531,comodoro rivadavia,-45.8667,-67.5,50.0,93,40,12.71,1612608610
532,rawson,-43.3002,-65.1023,60.64,66,1,11.97,1612608634
533,marzuq,14.4,46.4667,82.18,14,0,11.48,1612609089
534,porto novo,6.4965,2.6036,87.8,74,40,8.05,1612608598
535,berlevag,70.8578,29.0864,26.29,92,100,20.45,1612608569
536,verkhnevilyuysk,63.4453,120.3167,-33.86,82,11,3.13,1612609089
537,palu,-0.8917,119.8707,77.94,80,87,1.5,1612608559
538,chapais,49.7834,-74.8492,21.2,79,90,5.75,1612608595
539,beringovskiy,63.05,179.3167,-9.26,87,0,5.7,1612609089
540,bonavista,48.6499,-53.1147,33.01,93,76,8.05,1612609089
541,birjand,32.8663,59.2211,66.56,22,91,7.45,1612609089
542,atasu,48.6814,71.6433,31.33,93,87,13.35,1612608632
543,el alto,-4.2714,-81.2147,73.27,73,40,8.3,1612609090
544,chippewa falls,44.9369,-91.3929,-0.4,65,1,9.22,1612609090
545,moree,-29.4667,149.85,71.6,94,39,6.91,1612609090
546,dawei,14.0833,98.2,81.52,57,0,5.37,1612609090
547,paredon,16.0333,-93.8667,70.18,64,0,3.76,1612609090
548,ascension,30.2169,-90.9001,48.2,100,90,3.44,1612609090
549,nipawin,53.3668,-104.0009,-25.6,68,1,11.5,1612609090
550,arzgir,45.3728,44.2206,37.11,68,91,14.76,1612609091
551,nioro,13.35,-15.75,73.81,38,100,12.24,1612609091
552,dwarka,22.2394,68.9678,78.6,26,0,13.8,1612608552
553,nizhniy tsasuchey,50.5167,115.1333,-2.27,88,0,6.69,1612609091
554,abrau-dyurso,44.69,37.59,33.8,86,75,8.95,1612609091
555,kuzhener,56.8111,48.9128,3.11,92,100,14.38,1612609091
556,zemio,5.0314,25.1361,94.01,12,34,7.87,1612609091
557,tingo maria,-9.2895,-76.0088,68.34,83,96,0.98,1612609092
558,kloulklubed,7.0419,134.2556,77.0,100,90,6.91,1612609092
559,nueve de julio,-35.4444,-60.8831,66.99,84,0,1.99,1612609092
560,surt,31.2089,16.5887,73.8,31,90,10.22,1612608605
561,usinsk,65.9939,57.5281,-18.9,85,1,13.76,1612608360
562,ban nahin,18.2418,104.2122,78.71,39,3,0.47,1612609092
563,susanville,40.4163,-120.653,26.6,86,1,4.61,1612609093
564,anadyr,64.75,177.4833,-4.0,77,0,8.95,1612608614
565,harrison,30.4091,-89.0436,48.2,87,90,8.05,1612609093
566,oneonta,42.4529,-75.0638,17.28,95,39,7.2,1612609093
